<?xml version="1.0" encoding="UTF-8"?>
<project-private xmlns="http://www.netbeans.org/ns/project-private/1">
    <editor-bookmarks xmlns="http://www.netbeans.org/ns/editor-bookmarks/2" lastBookmarkId="0"/>
    <open-files xmlns="http://www.netbeans.org/ns/projectui-open-files/2">
        <group>
            <file>file:/C:/Users/hoonl/Downloads/tutorial/web/register.jsp</file>
            <file>file:/C:/Users/hoonl/Downloads/tutorial/web/edit_user.jsp</file>
            <file>file:/C:/Users/hoonl/Downloads/tutorial/web/delete_user.jsp</file>
            <file>file:/C:/Users/hoonl/Downloads/tutorial/web/main.css</file>
            <file>file:/C:/Users/hoonl/Downloads/tutorial/src/java/uts/isd/controller/DeleteServlet.java</file>
            <file>file:/C:/Users/hoonl/Downloads/tutorial/web/userprofile.jsp</file>
            <file>file:/C:/Users/hoonl/Downloads/tutorial/src/java/uts/isd/controller/RegisterServlet.java</file>
            <file>file:/C:/Users/hoonl/Downloads/tutorial/web/view_user.jsp</file>
        </group>
    </open-files>
</project-private>
