<?xml version="1.0" encoding="UTF-8"?><!--
<web-app version="3.1" xmlns="http://xmlns.jcp.org/xml/ns/javaee" xmlns:xsi="http://www.w3.org/2001/XMLSchema-instance" xsi:schemaLocation="http://xmlns.jcp.org/xml/ns/javaee http://xmlns.jcp.org/xml/ns/javaee/web-app_3_1.xsd">
       <servlet>
           <servlet-name>ConnServlet</servlet-name>
           <servlet-class>uts.isd.controller.ConnServlet</servlet-class>
           <load-on-startup>0</load-on-startup>
       </servlet>

       <servlet-mapping>
           <servlet-name>ConnServlet</servlet-name>
           <url-pattern>ConnServlet</url-pattern>
       </servlet-mapping>
       <session-config>
           <session-timeout>
               30
           </session-timeout>
      </session-config>
</web-app>-->


<!DOCTYPE glassfish-web-app PUBLIC "-//GlassFish.org//DTD GlassFish Application Server 3.1 Servlet 3.0//EN" "http://glassfish.org/dtds/glassfish-web-app_3_0-1.dtd">

<glassfish-web-app error-url="">
  <class-loader delegate="true"/>
  <jsp-config>
    <property name="keepgenerated" value="true">
      <description>Keep a copy of the generated servlet class' java code.</description>
    </property>
  </jsp-config>
</glassfish-web-app>